{
	"schemaVersion": 1,
	"id": "music-disc-mod",
	"version": "${version}",
	"name": "Music Disc Mod",
	"description": "This is an example description! Tell everyone what your mod is about!",
	"authors": [
		"Me!"
	],
	"contact": {
		"homepage": "https://fabricmc.net/",
		"sources": "https://github.com/FabricMC/fabric-example-mod"
	},
	"license": "CC0-1.0",
	"icon": "assets/music-disc-mod/icon.png",
	"environment": "*",
	"entrypoints": {
		"main": [
			"net.zac.musicdisc.MusicDiscMod"
		],
		"fabric-datagen": [
			"net.zac.musicdisc.MusicDiscModDataGenerator"
		]
	},
	"mixins": [
		"music-disc-mod.mixins.json"
	],
	"depends": {
		"fabricloader": ">=0.15.11",
		"minecraft": "~1.21",
		"java": ">=21",
		"fabric-api": "*"
	},
	"suggests": {
		"another-mod": "*"
	}
}